{
    "_vcs_DPI_package": [
        "_vcs_DPI_package",
        "uM9F1",
        "module",
        1
    ],
    "vcs_paramclassrepository": [
        "vcs_paramclassrepository",
        "hEeZs",
        "module",
        2
    ],
    "_vcs_unit__1581821908": [
        "_vcs_unit__1581821908",
        "DzEfg",
        "module",
        10
    ],
    "std": [
        "std",
        "reYIK",
        "module",
        4
    ],
    "uvm_pkg": [
        "uvm_pkg",
        "zr7M1",
        "module",
        5
    ],
    "alu_interface": [
        "alu_interface",
        "hqhDf",
        "module",
        6
    ],
    "wrap": [
        "wrap",
        "j9aZH",
        "module",
        3
    ],
    "top": [
        "top",
        "Emx8S",
        "module",
        8
    ],
    "...MASTER...": [
        "SIM",
        "amcQw",
        "module",
        9
    ]
}