{
    "_vcs_DPI_package": [
        "_vcs_DPI_package",
        "uM9F1",
        "module",
        1
    ],
    "vcs_paramclassrepository": [
        "vcs_paramclassrepository",
        "hEeZs",
        "module",
        2
    ],
    "_vcs_unit__3843973648": [
        "_vcs_unit__3843973648",
        "P21KB",
        "module",
        18
    ],
    "std": [
        "std",
        "reYIK",
        "module",
        4
    ],
    "uvm_pkg": [
        "uvm_pkg",
        "zr7M1",
        "module",
        5
    ],
    "alu_interface": [
        "alu_interface",
        "hqhDf",
        "module",
        6
    ],
    "alu": [
        "alu",
        "C26kq",
        "module",
        3
    ],
    "alu0": [
        "alu0",
        "xegic",
        "module",
        17
    ],
    "alu1": [
        "alu1",
        "GU2jc",
        "module",
        16
    ],
    "alu2": [
        "alu2",
        "pRGd2",
        "module",
        15
    ],
    "alu3": [
        "alu3",
        "im4SS",
        "module",
        14
    ],
    "alu4": [
        "alu4",
        "CE9wf",
        "module",
        13
    ],
    "alu5": [
        "alu5",
        "TTgq5",
        "module",
        12
    ],
    "alu6": [
        "alu6",
        "NgCyb",
        "module",
        11
    ],
    "alu7": [
        "alu7",
        "WRPRQ",
        "module",
        10
    ],
    "alu8": [
        "alu8",
        "FMhhS",
        "module",
        7
    ],
    "alu9": [
        "alu9",
        "YbpIP",
        "module",
        20
    ],
    "top": [
        "top",
        "Emx8S",
        "module",
        8
    ],
    "...MASTER...": [
        "SIM",
        "amcQw",
        "module",
        9
    ]
}